BBL_LICENSE_FACT_ID,LICENSESTATUS,LICENSECATEGORY,CUST_NUM,TRADE_NAME,LICENSE_START_DATE,LICENSE_EXPIRATION_DATE,LICENSE_ISSUE_DATE,AGENT_PHONE,LASTMODIFIEDDATE,CITY,STATE,SITEADDRESS,LATITUDE,LONGITUDE,ZIPCODE,MARADDRESSREPOSITORYID,DCSTATADDRESSKEY,DCSTATLOCATIONKEY,WARD,ANC,SMD,DISTRICT,PSA,NEIGHBORHOODCLUSTER,HOTSPOT2006NAME,HOTSPOT2005NAME,HOTSPOT2004NAME,BUSINESSIMPROVEMENTDISTRICT
284140,ACTIVE,General Business Licenses,400315904076,"Bradley & Associates, LLC; Cherryl Bradley",8/1/2015 12:00:00 AM,7/31/2017 12:00:00 AM,8/2/2015 12:00:00 AM,202-322-7242,8/4/2015 6:45:12 AM,WASHINGTON,DC,1430 BELMONT STREET NW,38.92024602203020,-77.03311202784030,20009,234159,77183,77183,1,1B,1B05,THIRD,304,2,NONE,NONE,14TH ST NW,NONE
284141,ACTIVE,General Business Licenses,400315904077,Lauryn Nwankpa,8/1/2015 12:00:00 AM,7/31/2017 12:00:00 AM,8/2/2015 12:00:00 AM,202-730-5547,8/4/2015 6:45:12 AM,WASHINGTON,DC,1200 18TH STREET NW,38.905942409335,-77.04205454793870,20036,241292,84242,84242,2,2B,2B06,SECOND,208,6,NONE,NONE,NONE,GOLDEN TRIANGLE BID
284142,ACTIVE,General Business Licenses,400315904079,"Daniel Pink, Inc.; Jessica A. Lerner",8/1/2015 12:00:00 AM,7/31/2017 12:00:00 AM,8/2/2015 12:00:00 AM,202-368-2412,8/4/2015 6:45:12 AM,WASHINGTON,DC,3511 IDAHO AVENUE NW,38.936852749014,-77.07214024338660,20016,221434,64510,64510,3,3C,3C09,SECOND,203,15,NONE,NONE,NONE,NONE
284143,ACTIVE,One Family Rental,500515904078,LONG & FOSTER PROP MGMT,8/1/2015 12:00:00 AM,7/31/2017 12:00:00 AM,8/2/2015 12:00:00 AM,202-747-4181,8/4/2015 6:45:12 AM,WASHINGTON,DC,1405 OTIS STREET NE,38.934577336102,-76.98607918459850,20017,65026,40333,40333,5,5A,5A08,FIFTH,504,22,NONE,NONE,NONE,NONE
284144,ACTIVE,One Family Rental,500515904082,Amparo Garcia,8/1/2015 12:00:00 AM,7/31/2017 12:00:00 AM,8/2/2015 12:00:00 AM,202-468-2267,8/4/2015 6:45:12 AM,WASHINGTON,DC,2414 HAMLIN PLACE NE,38.92751670818660,-76.97274479269880,20018,47516,25748,25748,5,5B,5B04,FIFTH,503,22,NONE,NONE,NONE,NONE
284145,ACTIVE,One Family Rental,500515904080,LONG & FOSTER PROP MGMT,8/1/2015 12:00:00 AM,7/31/2017 12:00:00 AM,8/2/2015 12:00:00 AM,202-747-4181,8/4/2015 6:45:12 AM,WASHINGTON,DC,915 E STREET NW,38.89635933490260,-77.02506481662940,20004,239822,82786,82786,2,2C,2C03,FIRST,101,8,NONE,NONE,NONE,DOWNTOWN BID
284146,ACTIVE,One Family Rental,500515904081,LONG & FOSTER PROP MGMT,8/1/2015 12:00:00 AM,7/31/2017 12:00:00 AM,8/2/2015 12:00:00 AM,202-747-4181,8/4/2015 6:45:12 AM,WASHINGTON,DC,1802 LAWRENCE STREET NE,38.93234089157460,-76.979130849842,20018,56004,32897,32897,5,5A,5A10,FIFTH,504,22,NONE,NONE,NONE,NONE
284147,ACTIVE,One Family Rental,500515904075,Kevin Pierce,8/1/2015 12:00:00 AM,7/31/2017 12:00:00 AM,8/2/2015 12:00:00 AM,202-834-6128,8/4/2015 6:45:12 AM,WASHINGTON,DC,5524 HUNT PLACE NE,38.90154720734950,-76.92169454081240,20019,288670,127552,127552,7,7C,7C06,SIXTH,608,31,NONE,NONE,NONE,NONE
